"filename", "language", "JSON", "JSON with Comments", "TypeScript", "HTML", "SCSS", "XML", "Markdown", "CSS", "JavaScript", "comment", "blank", "total"
"c:\Users\alber\Documents\Programmieren\Capella\Capella\README.md", "Markdown", 0, 0, 0, 0, 0, 0, 14, 0, 0, 0, 14, 28
"c:\Users\alber\Documents\Programmieren\Capella\Capella\angular.json", "JSON", 104, 0, 0, 0, 0, 0, 0, 0, 0, 0, 1, 105
"c:\Users\alber\Documents\Programmieren\Capella\Capella\package-lock.json", "JSON", 12595, 0, 0, 0, 0, 0, 0, 0, 0, 0, 1, 12596
"c:\Users\alber\Documents\Programmieren\Capella\Capella\package.json", "JSON", 38, 0, 0, 0, 0, 0, 0, 0, 0, 0, 0, 38
"c:\Users\alber\Documents\Programmieren\Capella\Capella\src\app\app-routing.module.ts", "TypeScript", 0, 0, 20, 0, 0, 0, 0, 0, 0, 0, 3, 23
"c:\Users\alber\Documents\Programmieren\Capella\Capella\src\app\app.component.html", "HTML", 0, 0, 0, 1, 0, 0, 0, 0, 0, 0, 0, 1
"c:\Users\alber\Documents\Programmieren\Capella\Capella\src\app\app.component.scss", "SCSS", 0, 0, 0, 0, 0, 0, 0, 0, 0, 0, 1, 1
"c:\Users\alber\Documents\Programmieren\Capella\Capella\src\app\app.component.spec.ts", "TypeScript", 0, 0, 25, 0, 0, 0, 0, 0, 0, 0, 5, 30
"c:\Users\alber\Documents\Programmieren\Capella\Capella\src\app\app.component.ts", "TypeScript", 0, 0, 14, 0, 0, 0, 0, 0, 0, 0, 3, 17
"c:\Users\alber\Documents\Programmieren\Capella\Capella\src\app\app.module.ts", "TypeScript", 0, 0, 87, 0, 0, 0, 0, 0, 0, 0, 3, 90
"c:\Users\alber\Documents\Programmieren\Capella\Capella\src\app\global\canvas\_canvas.scss", "SCSS", 0, 0, 0, 0, 14, 0, 0, 0, 0, 0, 3, 17
"c:\Users\alber\Documents\Programmieren\Capella\Capella\src\app\global\canvas\canvas.ts", "TypeScript", 0, 0, 57, 0, 0, 0, 0, 0, 0, 12, 12, 81
"c:\Users\alber\Documents\Programmieren\Capella\Capella\src\app\global\classes\abstract\abstractDrawerService.ts", "TypeScript", 0, 0, 15, 0, 0, 0, 0, 0, 0, 0, 7, 22
"c:\Users\alber\Documents\Programmieren\Capella\Capella\src\app\global\classes\abstract\canvasClickerElement.ts", "TypeScript", 0, 0, 8, 0, 0, 0, 0, 0, 0, 2, 4, 14
"c:\Users\alber\Documents\Programmieren\Capella\Capella\src\app\global\classes\abstract\canvasDrawer.ts", "TypeScript", 0, 0, 4, 0, 0, 0, 0, 0, 0, 0, 2, 6
"c:\Users\alber\Documents\Programmieren\Capella\Capella\src\app\global\classes\abstract\canvasIdElement.ts", "TypeScript", 0, 0, 13, 0, 0, 0, 0, 0, 0, 2, 5, 20
"c:\Users\alber\Documents\Programmieren\Capella\Capella\src\app\global\classes\modes\mode.ts", "TypeScript", 0, 0, 11, 0, 0, 0, 0, 0, 0, 0, 8, 19
"c:\Users\alber\Documents\Programmieren\Capella\Capella\src\app\global\classes\pointerController.ts", "TypeScript", 0, 0, 255, 0, 0, 0, 0, 0, 0, 26, 42, 323
"c:\Users\alber\Documents\Programmieren\Capella\Capella\src\app\global\classes\renderingContext\abstractRenderingContext.ts", "TypeScript", 0, 0, 160, 0, 0, 0, 0, 0, 0, 9, 34, 203
"c:\Users\alber\Documents\Programmieren\Capella\Capella\src\app\global\classes\renderingContext\renderingContext.ts", "TypeScript", 0, 0, 407, 0, 0, 0, 0, 0, 0, 77, 96, 580
"c:\Users\alber\Documents\Programmieren\Capella\Capella\src\app\global\classes\renderingContext\renderingUtils.ts", "TypeScript", 0, 0, 7, 0, 0, 0, 0, 0, 0, 0, 1, 8
"c:\Users\alber\Documents\Programmieren\Capella\Capella\src\app\global\classes\ribbon\ribbon.ts", "TypeScript", 0, 0, 16, 0, 0, 0, 0, 0, 0, 0, 4, 20
"c:\Users\alber\Documents\Programmieren\Capella\Capella\src\app\global\classes\ribbon\ribbonButton.ts", "TypeScript", 0, 0, 14, 0, 0, 0, 0, 0, 0, 0, 3, 17
"c:\Users\alber\Documents\Programmieren\Capella\Capella\src\app\global\classes\ribbon\ribbonColorPicker.ts", "TypeScript", 0, 0, 19, 0, 0, 0, 0, 0, 0, 0, 2, 21
"c:\Users\alber\Documents\Programmieren\Capella\Capella\src\app\global\classes\ribbon\ribbonPenPicker.ts", "TypeScript", 0, 0, 17, 0, 0, 0, 0, 0, 0, 0, 5, 22
"c:\Users\alber\Documents\Programmieren\Capella\Capella\src\app\global\classes\ribbon\ribbonPointerModeToggle.ts", "TypeScript", 0, 0, 14, 0, 0, 0, 0, 0, 0, 0, 1, 15
"c:\Users\alber\Documents\Programmieren\Capella\Capella\src\app\global\classes\ribbon\ribbonText.ts", "TypeScript", 0, 0, 6, 0, 0, 0, 0, 0, 0, 0, 1, 7
"c:\Users\alber\Documents\Programmieren\Capella\Capella\src\app\global\classes\ribbon\ribbonToggle.ts", "TypeScript", 0, 0, 6, 0, 0, 0, 0, 0, 0, 0, 1, 7
"c:\Users\alber\Documents\Programmieren\Capella\Capella\src\app\global\classes\ribbon\ribbonView.ts", "TypeScript", 0, 0, 1, 0, 0, 0, 0, 0, 0, 0, 0, 1
"c:\Users\alber\Documents\Programmieren\Capella\Capella\src\app\global\dialog\confirmation-dialog\confirmation-dialog.component.html", "HTML", 0, 0, 0, 6, 0, 0, 0, 0, 0, 0, 1, 7
"c:\Users\alber\Documents\Programmieren\Capella\Capella\src\app\global\dialog\confirmation-dialog\confirmation-dialog.component.scss", "SCSS", 0, 0, 0, 0, 9, 0, 0, 0, 0, 0, 2, 11
"c:\Users\alber\Documents\Programmieren\Capella\Capella\src\app\global\dialog\confirmation-dialog\confirmation-dialog.component.spec.ts", "TypeScript", 0, 0, 18, 0, 0, 0, 0, 0, 0, 0, 6, 24
"c:\Users\alber\Documents\Programmieren\Capella\Capella\src\app\global\dialog\confirmation-dialog\confirmation-dialog.component.ts", "TypeScript", 0, 0, 42, 0, 0, 0, 0, 0, 0, 0, 8, 50
"c:\Users\alber\Documents\Programmieren\Capella\Capella\src\app\global\dialog\dialog.service.spec.ts", "TypeScript", 0, 0, 12, 0, 0, 0, 0, 0, 0, 0, 5, 17
"c:\Users\alber\Documents\Programmieren\Capella\Capella\src\app\global\dialog\dialog.service.ts", "TypeScript", 0, 0, 17, 0, 0, 0, 0, 0, 0, 3, 8, 28
"c:\Users\alber\Documents\Programmieren\Capella\Capella\src\app\global\dialog\dialog.ts", "TypeScript", 0, 0, 20, 0, 0, 0, 0, 0, 0, 1, 9, 30
"c:\Users\alber\Documents\Programmieren\Capella\Capella\src\app\global\dialog\dialog\dialog.component.html", "HTML", 0, 0, 0, 5, 0, 0, 0, 0, 0, 0, 1, 6
"c:\Users\alber\Documents\Programmieren\Capella\Capella\src\app\global\dialog\dialog\dialog.component.scss", "SCSS", 0, 0, 0, 0, 31, 0, 0, 0, 0, 0, 5, 36
"c:\Users\alber\Documents\Programmieren\Capella\Capella\src\app\global\dialog\dialog\dialog.component.spec.ts", "TypeScript", 0, 0, 20, 0, 0, 0, 0, 0, 0, 0, 6, 26
"c:\Users\alber\Documents\Programmieren\Capella\Capella\src\app\global\dialog\dialog\dialog.component.ts", "TypeScript", 0, 0, 47, 0, 0, 0, 0, 0, 0, 4, 12, 63
"c:\Users\alber\Documents\Programmieren\Capella\Capella\src\app\global\essentials\cache.ts", "TypeScript", 0, 0, 59, 0, 0, 0, 0, 0, 0, 0, 12, 71
"c:\Users\alber\Documents\Programmieren\Capella\Capella\src\app\global\essentials\event.ts", "TypeScript", 0, 0, 6, 0, 0, 0, 0, 0, 0, 0, 3, 9
"c:\Users\alber\Documents\Programmieren\Capella\Capella\src\app\global\essentials\idProvider.ts", "TypeScript", 0, 0, 19, 0, 0, 0, 0, 0, 0, 0, 4, 23
"c:\Users\alber\Documents\Programmieren\Capella\Capella\src\app\global\essentials\register.ts", "TypeScript", 0, 0, 57, 0, 0, 0, 0, 0, 0, 0, 11, 68
"c:\Users\alber\Documents\Programmieren\Capella\Capella\src\app\global\essentials\selection.ts", "TypeScript", 0, 0, 61, 0, 0, 0, 0, 0, 0, 0, 12, 73
"c:\Users\alber\Documents\Programmieren\Capella\Capella\src\app\global\essentials\strictEvent.ts", "TypeScript", 0, 0, 23, 0, 0, 0, 0, 0, 0, 0, 6, 29
"c:\Users\alber\Documents\Programmieren\Capella\Capella\src\app\global\essentials\utils.ts", "TypeScript", 0, 0, 273, 0, 0, 0, 0, 0, 0, 11, 48, 332
"c:\Users\alber\Documents\Programmieren\Capella\Capella\src\app\global\interfaces\canvasStyles\colorStyle.ts", "TypeScript", 0, 0, 36, 0, 0, 0, 0, 0, 0, 0, 8, 44
"c:\Users\alber\Documents\Programmieren\Capella\Capella\src\app\global\interfaces\canvasStyles\fillStyle.ts", "TypeScript", 0, 0, 9, 0, 0, 0, 0, 0, 0, 0, 2, 11
"c:\Users\alber\Documents\Programmieren\Capella\Capella\src\app\global\interfaces\canvasStyles\filterTypes.ts", "TypeScript", 0, 0, 50, 0, 0, 0, 0, 0, 0, 0, 8, 58
"c:\Users\alber\Documents\Programmieren\Capella\Capella\src\app\global\interfaces\canvasStyles\imageStyle.ts", "TypeScript", 0, 0, 5, 0, 0, 0, 0, 0, 0, 0, 1, 6
"c:\Users\alber\Documents\Programmieren\Capella\Capella\src\app\global\interfaces\canvasStyles\objectStyle.ts", "TypeScript", 0, 0, 9, 0, 0, 0, 0, 0, 0, 0, 2, 11
"c:\Users\alber\Documents\Programmieren\Capella\Capella\src\app\global\interfaces\canvasStyles\strokeStyle.ts", "TypeScript", 0, 0, 18, 0, 0, 0, 0, 0, 0, 0, 3, 21
"c:\Users\alber\Documents\Programmieren\Capella\Capella\src\app\global\interfaces\canvasStyles\styleTypes.ts", "TypeScript", 0, 0, 46, 0, 0, 0, 0, 0, 0, 0, 15, 61
"c:\Users\alber\Documents\Programmieren\Capella\Capella\src\app\global\interfaces\canvasStyles\textStyle.ts", "TypeScript", 0, 0, 35, 0, 0, 0, 0, 0, 0, 0, 2, 37
"c:\Users\alber\Documents\Programmieren\Capella\Capella\src\app\global\interfaces\canvasStyles\unitTypes.ts", "TypeScript", 0, 0, 24, 0, 0, 0, 0, 0, 0, 1, 1, 26
"c:\Users\alber\Documents\Programmieren\Capella\Capella\src\app\global\interfaces\circle.ts", "TypeScript", 0, 0, 4, 0, 0, 0, 0, 0, 0, 0, 1, 5
"c:\Users\alber\Documents\Programmieren\Capella\Capella\src\app\global\interfaces\color.ts", "TypeScript", 0, 0, 77, 0, 0, 0, 0, 0, 0, 0, 6, 83
"c:\Users\alber\Documents\Programmieren\Capella\Capella\src\app\global\interfaces\padding.ts", "TypeScript", 0, 0, 6, 0, 0, 0, 0, 0, 0, 0, 0, 6
"c:\Users\alber\Documents\Programmieren\Capella\Capella\src\app\global\interfaces\point.ts", "TypeScript", 0, 0, 5, 0, 0, 0, 0, 0, 0, 0, 2, 7
"c:\Users\alber\Documents\Programmieren\Capella\Capella\src\app\global\interfaces\rect.ts", "TypeScript", 0, 0, 3, 0, 0, 0, 0, 0, 0, 0, 2, 5
"c:\Users\alber\Documents\Programmieren\Capella\Capella\src\app\global\interfaces\size.ts", "TypeScript", 0, 0, 4, 0, 0, 0, 0, 0, 0, 0, 1, 5
"c:\Users\alber\Documents\Programmieren\Capella\Capella\src\app\global\interfaces\transformations.ts", "TypeScript", 0, 0, 6, 0, 0, 0, 0, 0, 0, 0, 1, 7
"c:\Users\alber\Documents\Programmieren\Capella\Capella\src\app\global\ribbon\ribbon-tab\_control.scss", "SCSS", 0, 0, 0, 0, 65, 0, 0, 0, 0, 0, 11, 76
"c:\Users\alber\Documents\Programmieren\Capella\Capella\src\app\global\ribbon\ribbon-tab\button\button.component.html", "HTML", 0, 0, 0, 4, 0, 0, 0, 0, 0, 0, 0, 4
"c:\Users\alber\Documents\Programmieren\Capella\Capella\src\app\global\ribbon\ribbon-tab\button\button.component.scss", "SCSS", 0, 0, 0, 0, 1, 0, 0, 0, 0, 0, 0, 1
"c:\Users\alber\Documents\Programmieren\Capella\Capella\src\app\global\ribbon\ribbon-tab\button\button.component.spec.ts", "TypeScript", 0, 0, 18, 0, 0, 0, 0, 0, 0, 0, 6, 24
"c:\Users\alber\Documents\Programmieren\Capella\Capella\src\app\global\ribbon\ribbon-tab\button\button.component.ts", "TypeScript", 0, 0, 12, 0, 0, 0, 0, 0, 0, 0, 3, 15
"c:\Users\alber\Documents\Programmieren\Capella\Capella\src\app\global\ribbon\ribbon-tab\content-viewer\content-viewer.component.html", "HTML", 0, 0, 0, 25, 0, 0, 0, 0, 0, 0, 0, 25
"c:\Users\alber\Documents\Programmieren\Capella\Capella\src\app\global\ribbon\ribbon-tab\content-viewer\content-viewer.component.scss", "SCSS", 0, 0, 0, 0, 9, 0, 0, 0, 0, 0, 1, 10
"c:\Users\alber\Documents\Programmieren\Capella\Capella\src\app\global\ribbon\ribbon-tab\content-viewer\content-viewer.component.spec.ts", "TypeScript", 0, 0, 18, 0, 0, 0, 0, 0, 0, 0, 6, 24
"c:\Users\alber\Documents\Programmieren\Capella\Capella\src\app\global\ribbon\ribbon-tab\content-viewer\content-viewer.component.ts", "TypeScript", 0, 0, 46, 0, 0, 0, 0, 0, 0, 0, 9, 55
"c:\Users\alber\Documents\Programmieren\Capella\Capella\src\app\global\ribbon\ribbon-tab\divider\divider.component.html", "HTML", 0, 0, 0, 6, 0, 0, 0, 0, 0, 0, 0, 6
"c:\Users\alber\Documents\Programmieren\Capella\Capella\src\app\global\ribbon\ribbon-tab\divider\divider.component.scss", "SCSS", 0, 0, 0, 0, 1, 0, 0, 0, 0, 0, 0, 1
"c:\Users\alber\Documents\Programmieren\Capella\Capella\src\app\global\ribbon\ribbon-tab\divider\divider.component.spec.ts", "TypeScript", 0, 0, 18, 0, 0, 0, 0, 0, 0, 0, 6, 24
"c:\Users\alber\Documents\Programmieren\Capella\Capella\src\app\global\ribbon\ribbon-tab\divider\divider.component.ts", "TypeScript", 0, 0, 13, 0, 0, 0, 0, 0, 0, 0, 3, 16
"c:\Users\alber\Documents\Programmieren\Capella\Capella\src\app\global\ribbon\ribbon-tab\pointer-mode-toggle\pointer-mode-toggle.component.html", "HTML", 0, 0, 0, 9, 0, 0, 0, 0, 0, 0, 0, 9
"c:\Users\alber\Documents\Programmieren\Capella\Capella\src\app\global\ribbon\ribbon-tab\pointer-mode-toggle\pointer-mode-toggle.component.scss", "SCSS", 0, 0, 0, 0, 17, 0, 0, 0, 0, 0, 3, 20
"c:\Users\alber\Documents\Programmieren\Capella\Capella\src\app\global\ribbon\ribbon-tab\pointer-mode-toggle\pointer-mode-toggle.component.spec.ts", "TypeScript", 0, 0, 18, 0, 0, 0, 0, 0, 0, 0, 6, 24
"c:\Users\alber\Documents\Programmieren\Capella\Capella\src\app\global\ribbon\ribbon-tab\pointer-mode-toggle\pointer-mode-toggle.component.ts", "TypeScript", 0, 0, 21, 0, 0, 0, 0, 0, 0, 0, 4, 25
"c:\Users\alber\Documents\Programmieren\Capella\Capella\src\app\global\ribbon\ribbon-tab\ribbon-tab.component.html", "HTML", 0, 0, 0, 1, 0, 0, 0, 0, 0, 0, 0, 1
"c:\Users\alber\Documents\Programmieren\Capella\Capella\src\app\global\ribbon\ribbon-tab\ribbon-tab.component.scss", "SCSS", 0, 0, 0, 0, 0, 0, 0, 0, 0, 0, 1, 1
"c:\Users\alber\Documents\Programmieren\Capella\Capella\src\app\global\ribbon\ribbon-tab\ribbon-tab.component.spec.ts", "TypeScript", 0, 0, 18, 0, 0, 0, 0, 0, 0, 0, 6, 24
"c:\Users\alber\Documents\Programmieren\Capella\Capella\src\app\global\ribbon\ribbon-tab\ribbon-tab.component.ts", "TypeScript", 0, 0, 13, 0, 0, 0, 0, 0, 0, 0, 3, 16
"c:\Users\alber\Documents\Programmieren\Capella\Capella\src\app\global\ribbon\ribbon-tab\ribbon-text\ribbon-text.component.html", "HTML", 0, 0, 0, 3, 0, 0, 0, 0, 0, 0, 0, 3
"c:\Users\alber\Documents\Programmieren\Capella\Capella\src\app\global\ribbon\ribbon-tab\ribbon-text\ribbon-text.component.scss", "SCSS", 0, 0, 0, 0, 1, 0, 0, 0, 0, 0, 0, 1
"c:\Users\alber\Documents\Programmieren\Capella\Capella\src\app\global\ribbon\ribbon-tab\ribbon-text\ribbon-text.component.spec.ts", "TypeScript", 0, 0, 18, 0, 0, 0, 0, 0, 0, 0, 6, 24
"c:\Users\alber\Documents\Programmieren\Capella\Capella\src\app\global\ribbon\ribbon-tab\ribbon-text\ribbon-text.component.ts", "TypeScript", 0, 0, 12, 0, 0, 0, 0, 0, 0, 0, 3, 15
"c:\Users\alber\Documents\Programmieren\Capella\Capella\src\app\global\ribbon\ribbon-tab\toggle\toggle.component.html", "HTML", 0, 0, 0, 4, 0, 0, 0, 0, 0, 0, 0, 4
"c:\Users\alber\Documents\Programmieren\Capella\Capella\src\app\global\ribbon\ribbon-tab\toggle\toggle.component.scss", "SCSS", 0, 0, 0, 0, 1, 0, 0, 0, 0, 0, 0, 1
"c:\Users\alber\Documents\Programmieren\Capella\Capella\src\app\global\ribbon\ribbon-tab\toggle\toggle.component.spec.ts", "TypeScript", 0, 0, 18, 0, 0, 0, 0, 0, 0, 0, 6, 24
"c:\Users\alber\Documents\Programmieren\Capella\Capella\src\app\global\ribbon\ribbon-tab\toggle\toggle.component.ts", "TypeScript", 0, 0, 12, 0, 0, 0, 0, 0, 0, 0, 3, 15
"c:\Users\alber\Documents\Programmieren\Capella\Capella\src\app\global\ribbon\ribbon.component.html", "HTML", 0, 0, 0, 15, 0, 0, 0, 0, 0, 0, 0, 15
"c:\Users\alber\Documents\Programmieren\Capella\Capella\src\app\global\ribbon\ribbon.component.scss", "SCSS", 0, 0, 0, 0, 41, 0, 0, 0, 0, 0, 8, 49
"c:\Users\alber\Documents\Programmieren\Capella\Capella\src\app\global\ribbon\ribbon.component.spec.ts", "TypeScript", 0, 0, 17, 0, 0, 0, 0, 0, 0, 0, 5, 22
"c:\Users\alber\Documents\Programmieren\Capella\Capella\src\app\global\ribbon\ribbon.component.ts", "TypeScript", 0, 0, 26, 0, 0, 0, 0, 0, 0, 15, 11, 52
"c:\Users\alber\Documents\Programmieren\Capella\Capella\src\app\global\snackbar\snackbar.service.spec.ts", "TypeScript", 0, 0, 12, 0, 0, 0, 0, 0, 0, 0, 5, 17
"c:\Users\alber\Documents\Programmieren\Capella\Capella\src\app\global\snackbar\snackbar.service.ts", "TypeScript", 0, 0, 34, 0, 0, 0, 0, 0, 0, 0, 10, 44
"c:\Users\alber\Documents\Programmieren\Capella\Capella\src\app\global\snackbar\snackbar\snackbar.component.css", "CSS", 0, 0, 0, 0, 0, 0, 0, 29, 0, 0, 3, 32
"c:\Users\alber\Documents\Programmieren\Capella\Capella\src\app\global\snackbar\snackbar\snackbar.component.html", "HTML", 0, 0, 0, 4, 0, 0, 0, 0, 0, 0, 1, 5
"c:\Users\alber\Documents\Programmieren\Capella\Capella\src\app\global\snackbar\snackbar\snackbar.component.spec.ts", "TypeScript", 0, 0, 20, 0, 0, 0, 0, 0, 0, 0, 6, 26
"c:\Users\alber\Documents\Programmieren\Capella\Capella\src\app\global\snackbar\snackbar\snackbar.component.ts", "TypeScript", 0, 0, 22, 0, 0, 0, 0, 0, 0, 0, 8, 30
"c:\Users\alber\Documents\Programmieren\Capella\Capella\src\app\global\style-components\color-picker\color-picker.component.html", "HTML", 0, 0, 0, 10, 0, 0, 0, 0, 0, 0, 0, 10
"c:\Users\alber\Documents\Programmieren\Capella\Capella\src\app\global\style-components\color-picker\color-picker.component.scss", "SCSS", 0, 0, 0, 0, 35, 0, 0, 0, 0, 0, 5, 40
"c:\Users\alber\Documents\Programmieren\Capella\Capella\src\app\global\style-components\color-picker\color-picker.component.spec.ts", "TypeScript", 0, 0, 18, 0, 0, 0, 0, 0, 0, 0, 6, 24
"c:\Users\alber\Documents\Programmieren\Capella\Capella\src\app\global\style-components\color-picker\color-picker.component.ts", "TypeScript", 0, 0, 20, 0, 0, 0, 0, 0, 0, 0, 5, 25
"c:\Users\alber\Documents\Programmieren\Capella\Capella\src\app\global\style-components\color-style\color-style.component.css", "CSS", 0, 0, 0, 0, 0, 0, 0, 29, 0, 0, 5, 34
"c:\Users\alber\Documents\Programmieren\Capella\Capella\src\app\global\style-components\color-style\color-style.component.html", "HTML", 0, 0, 0, 7, 0, 0, 0, 0, 0, 0, 1, 8
"c:\Users\alber\Documents\Programmieren\Capella\Capella\src\app\global\style-components\color-style\color-style.component.spec.ts", "TypeScript", 0, 0, 20, 0, 0, 0, 0, 0, 0, 0, 6, 26
"c:\Users\alber\Documents\Programmieren\Capella\Capella\src\app\global\style-components\color-style\color-style.component.ts", "TypeScript", 0, 0, 51, 0, 0, 0, 0, 0, 0, 4, 10, 65
"c:\Users\alber\Documents\Programmieren\Capella\Capella\src\app\global\style-components\fill-style\fill-style.component.html", "HTML", 0, 0, 0, 1, 0, 0, 0, 0, 0, 0, 1, 2
"c:\Users\alber\Documents\Programmieren\Capella\Capella\src\app\global\style-components\fill-style\fill-style.component.scss", "SCSS", 0, 0, 0, 0, 0, 0, 0, 0, 0, 0, 1, 1
"c:\Users\alber\Documents\Programmieren\Capella\Capella\src\app\global\style-components\fill-style\fill-style.component.spec.ts", "TypeScript", 0, 0, 18, 0, 0, 0, 0, 0, 0, 0, 6, 24
"c:\Users\alber\Documents\Programmieren\Capella\Capella\src\app\global\style-components\fill-style\fill-style.component.ts", "TypeScript", 0, 0, 10, 0, 0, 0, 0, 0, 0, 0, 3, 13
"c:\Users\alber\Documents\Programmieren\Capella\Capella\src\app\global\style-components\object-style\object-style.component.html", "HTML", 0, 0, 0, 1, 0, 0, 0, 0, 0, 0, 1, 2
"c:\Users\alber\Documents\Programmieren\Capella\Capella\src\app\global\style-components\object-style\object-style.component.scss", "SCSS", 0, 0, 0, 0, 0, 0, 0, 0, 0, 0, 1, 1
"c:\Users\alber\Documents\Programmieren\Capella\Capella\src\app\global\style-components\object-style\object-style.component.spec.ts", "TypeScript", 0, 0, 18, 0, 0, 0, 0, 0, 0, 0, 6, 24
"c:\Users\alber\Documents\Programmieren\Capella\Capella\src\app\global\style-components\object-style\object-style.component.ts", "TypeScript", 0, 0, 10, 0, 0, 0, 0, 0, 0, 0, 3, 13
"c:\Users\alber\Documents\Programmieren\Capella\Capella\src\app\global\style-components\pen-picker\pen-picker.component.html", "HTML", 0, 0, 0, 8, 0, 0, 0, 0, 0, 0, 0, 8
"c:\Users\alber\Documents\Programmieren\Capella\Capella\src\app\global\style-components\pen-picker\pen-picker.component.scss", "SCSS", 0, 0, 0, 0, 49, 0, 0, 0, 0, 0, 8, 57
"c:\Users\alber\Documents\Programmieren\Capella\Capella\src\app\global\style-components\pen-picker\pen-picker.component.spec.ts", "TypeScript", 0, 0, 18, 0, 0, 0, 0, 0, 0, 0, 6, 24
"c:\Users\alber\Documents\Programmieren\Capella\Capella\src\app\global\style-components\pen-picker\pen-picker.component.ts", "TypeScript", 0, 0, 39, 0, 0, 0, 0, 0, 0, 0, 7, 46
"c:\Users\alber\Documents\Programmieren\Capella\Capella\src\app\global\style-components\stroke-style\stroke-style.component.html", "HTML", 0, 0, 0, 1, 0, 0, 0, 0, 0, 0, 1, 2
"c:\Users\alber\Documents\Programmieren\Capella\Capella\src\app\global\style-components\stroke-style\stroke-style.component.scss", "SCSS", 0, 0, 0, 0, 0, 0, 0, 0, 0, 0, 1, 1
"c:\Users\alber\Documents\Programmieren\Capella\Capella\src\app\global\style-components\stroke-style\stroke-style.component.spec.ts", "TypeScript", 0, 0, 18, 0, 0, 0, 0, 0, 0, 0, 6, 24
"c:\Users\alber\Documents\Programmieren\Capella\Capella\src\app\global\style-components\stroke-style\stroke-style.component.ts", "TypeScript", 0, 0, 10, 0, 0, 0, 0, 0, 0, 0, 3, 13
"c:\Users\alber\Documents\Programmieren\Capella\Capella\src\app\global\style-components\text-style\text-style.component.html", "HTML", 0, 0, 0, 1, 0, 0, 0, 0, 0, 0, 1, 2
"c:\Users\alber\Documents\Programmieren\Capella\Capella\src\app\global\style-components\text-style\text-style.component.scss", "SCSS", 0, 0, 0, 0, 0, 0, 0, 0, 0, 0, 1, 1
"c:\Users\alber\Documents\Programmieren\Capella\Capella\src\app\global\style-components\text-style\text-style.component.spec.ts", "TypeScript", 0, 0, 18, 0, 0, 0, 0, 0, 0, 0, 6, 24
"c:\Users\alber\Documents\Programmieren\Capella\Capella\src\app\global\style-components\text-style\text-style.component.ts", "TypeScript", 0, 0, 10, 0, 0, 0, 0, 0, 0, 0, 3, 13
"c:\Users\alber\Documents\Programmieren\Capella\Capella\src\app\global\styles\_global.scss", "SCSS", 0, 0, 0, 0, 115, 0, 0, 0, 0, 3, 19, 137
"c:\Users\alber\Documents\Programmieren\Capella\Capella\src\app\global\styles\colors.ts", "TypeScript", 0, 0, 58, 0, 0, 0, 0, 0, 0, 0, 2, 60
"c:\Users\alber\Documents\Programmieren\Capella\Capella\src\app\global\styles\formats.ts", "TypeScript", 0, 0, 5, 0, 0, 0, 0, 0, 0, 0, 1, 6
"c:\Users\alber\Documents\Programmieren\Capella\Capella\src\app\prokyon\canvas\prokyonCanvas.component.html", "HTML", 0, 0, 0, 3, 0, 0, 0, 0, 0, 0, 1, 4
"c:\Users\alber\Documents\Programmieren\Capella\Capella\src\app\prokyon\canvas\prokyonCanvas.component.scss", "SCSS", 0, 0, 0, 0, 1, 0, 0, 0, 0, 0, 0, 1
"c:\Users\alber\Documents\Programmieren\Capella\Capella\src\app\prokyon\canvas\prokyonCanvas.component.spec.ts", "TypeScript", 0, 0, 17, 0, 0, 0, 0, 0, 0, 0, 4, 21
"c:\Users\alber\Documents\Programmieren\Capella\Capella\src\app\prokyon\canvas\prokyonCanvas.component.ts", "TypeScript", 0, 0, 26, 0, 0, 0, 0, 0, 0, 0, 6, 32
"c:\Users\alber\Documents\Programmieren\Capella\Capella\src\app\prokyon\context-menu\context-menu.directive.spec.ts", "TypeScript", 0, 0, 7, 0, 0, 0, 0, 0, 0, 1, 2, 10
"c:\Users\alber\Documents\Programmieren\Capella\Capella\src\app\prokyon\context-menu\context-menu.directive.ts", "TypeScript", 0, 0, 107, 0, 0, 0, 0, 0, 0, 18, 23, 148
"c:\Users\alber\Documents\Programmieren\Capella\Capella\src\app\prokyon\context-menu\context-menu\context-menu.component.css", "CSS", 0, 0, 0, 0, 0, 0, 0, 63, 0, 0, 10, 73
"c:\Users\alber\Documents\Programmieren\Capella\Capella\src\app\prokyon\context-menu\context-menu\context-menu.component.html", "HTML", 0, 0, 0, 6, 0, 0, 0, 0, 0, 0, 1, 7
"c:\Users\alber\Documents\Programmieren\Capella\Capella\src\app\prokyon\context-menu\context-menu\context-menu.component.spec.ts", "TypeScript", 0, 0, 20, 0, 0, 0, 0, 0, 0, 0, 6, 26
"c:\Users\alber\Documents\Programmieren\Capella\Capella\src\app\prokyon\context-menu\context-menu\context-menu.component.ts", "TypeScript", 0, 0, 66, 0, 0, 0, 0, 0, 0, 5, 13, 84
"c:\Users\alber\Documents\Programmieren\Capella\Capella\src\app\prokyon\formula-dialogs\view-abstract-line-element\view-abstract-line-element.component.css", "CSS", 0, 0, 0, 0, 0, 0, 0, 38, 0, 1, 10, 49
"c:\Users\alber\Documents\Programmieren\Capella\Capella\src\app\prokyon\formula-dialogs\view-abstract-line-element\view-abstract-line-element.component.html", "HTML", 0, 0, 0, 26, 0, 0, 0, 0, 0, 0, 1, 27
"c:\Users\alber\Documents\Programmieren\Capella\Capella\src\app\prokyon\formula-dialogs\view-abstract-line-element\view-abstract-line-element.component.spec.ts", "TypeScript", 0, 0, 20, 0, 0, 0, 0, 0, 0, 0, 6, 26
"c:\Users\alber\Documents\Programmieren\Capella\Capella\src\app\prokyon\formula-dialogs\view-abstract-line-element\view-abstract-line-element.component.ts", "TypeScript", 0, 0, 65, 0, 0, 0, 0, 0, 0, 0, 18, 83
"c:\Users\alber\Documents\Programmieren\Capella\Capella\src\app\prokyon\formula-dialogs\view-angle-element\view-angle-element.component.css", "CSS", 0, 0, 0, 0, 0, 0, 0, 38, 0, 1, 11, 50
"c:\Users\alber\Documents\Programmieren\Capella\Capella\src\app\prokyon\formula-dialogs\view-angle-element\view-angle-element.component.html", "HTML", 0, 0, 0, 30, 0, 0, 0, 0, 0, 0, 1, 31
"c:\Users\alber\Documents\Programmieren\Capella\Capella\src\app\prokyon\formula-dialogs\view-angle-element\view-angle-element.component.spec.ts", "TypeScript", 0, 0, 20, 0, 0, 0, 0, 0, 0, 0, 6, 26
"c:\Users\alber\Documents\Programmieren\Capella\Capella\src\app\prokyon\formula-dialogs\view-angle-element\view-angle-element.component.ts", "TypeScript", 0, 0, 57, 0, 0, 0, 0, 0, 0, 0, 15, 72
"c:\Users\alber\Documents\Programmieren\Capella\Capella\src\app\prokyon\formula-dialogs\view-circle-element\view-circle-element.component.css", "CSS", 0, 0, 0, 0, 0, 0, 0, 42, 0, 0, 11, 53
"c:\Users\alber\Documents\Programmieren\Capella\Capella\src\app\prokyon\formula-dialogs\view-circle-element\view-circle-element.component.html", "HTML", 0, 0, 0, 36, 0, 0, 0, 0, 0, 0, 1, 37
"c:\Users\alber\Documents\Programmieren\Capella\Capella\src\app\prokyon\formula-dialogs\view-circle-element\view-circle-element.component.spec.ts", "TypeScript", 0, 0, 20, 0, 0, 0, 0, 0, 0, 0, 6, 26
"c:\Users\alber\Documents\Programmieren\Capella\Capella\src\app\prokyon\formula-dialogs\view-circle-element\view-circle-element.component.ts", "TypeScript", 0, 0, 62, 0, 0, 0, 0, 0, 0, 0, 18, 80
"c:\Users\alber\Documents\Programmieren\Capella\Capella\src\app\prokyon\formula-dialogs\view-curve-element\view-curve-element.component.css", "CSS", 0, 0, 0, 0, 0, 0, 0, 38, 0, 1, 10, 49
"c:\Users\alber\Documents\Programmieren\Capella\Capella\src\app\prokyon\formula-dialogs\view-curve-element\view-curve-element.component.html", "HTML", 0, 0, 0, 23, 0, 0, 0, 0, 0, 0, 1, 24
"c:\Users\alber\Documents\Programmieren\Capella\Capella\src\app\prokyon\formula-dialogs\view-curve-element\view-curve-element.component.spec.ts", "TypeScript", 0, 0, 20, 0, 0, 0, 0, 0, 0, 0, 6, 26
"c:\Users\alber\Documents\Programmieren\Capella\Capella\src\app\prokyon\formula-dialogs\view-curve-element\view-curve-element.component.ts", "TypeScript", 0, 0, 55, 0, 0, 0, 0, 0, 0, 0, 15, 70
"c:\Users\alber\Documents\Programmieren\Capella\Capella\src\app\prokyon\formula-dialogs\view-dependency-point-elements-dialog\view-dependency-point-elements-dialog.component.css", "CSS", 0, 0, 0, 0, 0, 0, 0, 33, 0, 0, 9, 42
"c:\Users\alber\Documents\Programmieren\Capella\Capella\src\app\prokyon\formula-dialogs\view-dependency-point-elements-dialog\view-dependency-point-elements-dialog.component.html", "HTML", 0, 0, 0, 22, 0, 0, 0, 0, 0, 0, 1, 23
"c:\Users\alber\Documents\Programmieren\Capella\Capella\src\app\prokyon\formula-dialogs\view-dependency-point-elements-dialog\view-dependency-point-elements-dialog.component.spec.ts", "TypeScript", 0, 0, 20, 0, 0, 0, 0, 0, 0, 0, 6, 26
"c:\Users\alber\Documents\Programmieren\Capella\Capella\src\app\prokyon\formula-dialogs\view-dependency-point-elements-dialog\view-dependency-point-elements-dialog.component.ts", "TypeScript", 0, 0, 23, 0, 0, 0, 0, 0, 0, 0, 7, 30
"c:\Users\alber\Documents\Programmieren\Capella\Capella\src\app\prokyon\formula-dialogs\view-point-element\view-point-element.component.css", "CSS", 0, 0, 0, 0, 0, 0, 0, 35, 0, 1, 9, 45
"c:\Users\alber\Documents\Programmieren\Capella\Capella\src\app\prokyon\formula-dialogs\view-point-element\view-point-element.component.html", "HTML", 0, 0, 0, 20, 0, 0, 0, 0, 0, 0, 1, 21
"c:\Users\alber\Documents\Programmieren\Capella\Capella\src\app\prokyon\formula-dialogs\view-point-element\view-point-element.component.spec.ts", "TypeScript", 0, 0, 20, 0, 0, 0, 0, 0, 0, 0, 6, 26
"c:\Users\alber\Documents\Programmieren\Capella\Capella\src\app\prokyon\formula-dialogs\view-point-element\view-point-element.component.ts", "TypeScript", 0, 0, 47, 0, 0, 0, 0, 0, 0, 0, 12, 59
"c:\Users\alber\Documents\Programmieren\Capella\Capella\src\app\prokyon\formula-dialogs\view-shape-element\view-shape-element.component.css", "CSS", 0, 0, 0, 0, 0, 0, 0, 38, 0, 1, 11, 50
"c:\Users\alber\Documents\Programmieren\Capella\Capella\src\app\prokyon\formula-dialogs\view-shape-element\view-shape-element.component.html", "HTML", 0, 0, 0, 23, 0, 0, 0, 0, 0, 0, 1, 24
"c:\Users\alber\Documents\Programmieren\Capella\Capella\src\app\prokyon\formula-dialogs\view-shape-element\view-shape-element.component.spec.ts", "TypeScript", 0, 0, 18, 0, 0, 0, 0, 0, 0, 0, 6, 24
"c:\Users\alber\Documents\Programmieren\Capella\Capella\src\app\prokyon\formula-dialogs\view-shape-element\view-shape-element.component.ts", "TypeScript", 0, 0, 59, 0, 0, 0, 0, 0, 0, 0, 14, 73
"c:\Users\alber\Documents\Programmieren\Capella\Capella\src\app\prokyon\formula-tab\compiled-point-formula\compiled-point-formula.component.css", "CSS", 0, 0, 0, 0, 0, 0, 0, 23, 0, 1, 5, 29
"c:\Users\alber\Documents\Programmieren\Capella\Capella\src\app\prokyon\formula-tab\compiled-point-formula\compiled-point-formula.component.html", "HTML", 0, 0, 0, 10, 0, 0, 0, 0, 0, 0, 1, 11
"c:\Users\alber\Documents\Programmieren\Capella\Capella\src\app\prokyon\formula-tab\compiled-point-formula\compiled-point-formula.component.spec.ts", "TypeScript", 0, 0, 20, 0, 0, 0, 0, 0, 0, 0, 6, 26
"c:\Users\alber\Documents\Programmieren\Capella\Capella\src\app\prokyon\formula-tab\compiled-point-formula\compiled-point-formula.component.ts", "TypeScript", 0, 0, 26, 0, 0, 0, 0, 0, 0, 0, 8, 34
"c:\Users\alber\Documents\Programmieren\Capella\Capella\src\app\prokyon\formula-tab\curve-formula\curve-formula.component.css", "CSS", 0, 0, 0, 0, 0, 0, 0, 35, 0, 1, 8, 44
"c:\Users\alber\Documents\Programmieren\Capella\Capella\src\app\prokyon\formula-tab\curve-formula\curve-formula.component.html", "HTML", 0, 0, 0, 47, 0, 0, 0, 0, 0, 0, 1, 48
"c:\Users\alber\Documents\Programmieren\Capella\Capella\src\app\prokyon\formula-tab\curve-formula\curve-formula.component.spec.ts", "TypeScript", 0, 0, 20, 0, 0, 0, 0, 0, 0, 0, 6, 26
"c:\Users\alber\Documents\Programmieren\Capella\Capella\src\app\prokyon\formula-tab\curve-formula\curve-formula.component.ts", "TypeScript", 0, 0, 55, 0, 0, 0, 0, 0, 0, 0, 14, 69
"c:\Users\alber\Documents\Programmieren\Capella\Capella\src\app\prokyon\formula-tab\definite-integral-formula\definite-integral-formula.component.css", "CSS", 0, 0, 0, 0, 0, 0, 0, 25, 0, 0, 7, 32
"c:\Users\alber\Documents\Programmieren\Capella\Capella\src\app\prokyon\formula-tab\definite-integral-formula\definite-integral-formula.component.html", "HTML", 0, 0, 0, 13, 0, 0, 0, 0, 0, 0, 1, 14
"c:\Users\alber\Documents\Programmieren\Capella\Capella\src\app\prokyon\formula-tab\definite-integral-formula\definite-integral-formula.component.spec.ts", "TypeScript", 0, 0, 20, 0, 0, 0, 0, 0, 0, 0, 6, 26
"c:\Users\alber\Documents\Programmieren\Capella\Capella\src\app\prokyon\formula-tab\definite-integral-formula\definite-integral-formula.component.ts", "TypeScript", 0, 0, 11, 0, 0, 0, 0, 0, 0, 0, 4, 15
"c:\Users\alber\Documents\Programmieren\Capella\Capella\src\app\prokyon\formula-tab\dependency-point-elements-formula\dependency-point-elements-formula.component.css", "CSS", 0, 0, 0, 0, 0, 0, 0, 16, 0, 0, 4, 20
"c:\Users\alber\Documents\Programmieren\Capella\Capella\src\app\prokyon\formula-tab\dependency-point-elements-formula\dependency-point-elements-formula.component.html", "HTML", 0, 0, 0, 8, 0, 0, 0, 0, 0, 0, 1, 9
"c:\Users\alber\Documents\Programmieren\Capella\Capella\src\app\prokyon\formula-tab\dependency-point-elements-formula\dependency-point-elements-formula.component.spec.ts", "TypeScript", 0, 0, 20, 0, 0, 0, 0, 0, 0, 0, 6, 26
"c:\Users\alber\Documents\Programmieren\Capella\Capella\src\app\prokyon\formula-tab\dependency-point-elements-formula\dependency-point-elements-formula.component.ts", "TypeScript", 0, 0, 25, 0, 0, 0, 0, 0, 0, 0, 6, 31
"c:\Users\alber\Documents\Programmieren\Capella\Capella\src\app\prokyon\formula-tab\formula-element\formula-element.component.css", "CSS", 0, 0, 0, 0, 0, 0, 0, 13, 0, 0, 3, 16
"c:\Users\alber\Documents\Programmieren\Capella\Capella\src\app\prokyon\formula-tab\formula-element\formula-element.component.html", "HTML", 0, 0, 0, 3, 0, 0, 0, 0, 0, 0, 1, 4
"c:\Users\alber\Documents\Programmieren\Capella\Capella\src\app\prokyon\formula-tab\formula-element\formula-element.component.spec.ts", "TypeScript", 0, 0, 20, 0, 0, 0, 0, 0, 0, 0, 6, 26
"c:\Users\alber\Documents\Programmieren\Capella\Capella\src\app\prokyon\formula-tab\formula-element\formula-element.component.ts", "TypeScript", 0, 0, 83, 0, 0, 0, 0, 0, 0, 0, 12, 95
"c:\Users\alber\Documents\Programmieren\Capella\Capella\src\app\prokyon\formula-tab\formula-tab.component.css", "CSS", 0, 0, 0, 0, 0, 0, 0, 33, 0, 0, 5, 38
"c:\Users\alber\Documents\Programmieren\Capella\Capella\src\app\prokyon\formula-tab\formula-tab.component.html", "HTML", 0, 0, 0, 7, 0, 0, 0, 0, 0, 0, 1, 8
"c:\Users\alber\Documents\Programmieren\Capella\Capella\src\app\prokyon\formula-tab\formula-tab.component.spec.ts", "TypeScript", 0, 0, 20, 0, 0, 0, 0, 0, 0, 0, 6, 26
"c:\Users\alber\Documents\Programmieren\Capella\Capella\src\app\prokyon\formula-tab\formula-tab.component.ts", "TypeScript", 0, 0, 78, 0, 0, 0, 0, 0, 0, 0, 10, 88
"c:\Users\alber\Documents\Programmieren\Capella\Capella\src\app\prokyon\formula-tab\geometric-formula\geometric-formula.component.css", "CSS", 0, 0, 0, 0, 0, 0, 0, 17, 0, 0, 3, 20
"c:\Users\alber\Documents\Programmieren\Capella\Capella\src\app\prokyon\formula-tab\geometric-formula\geometric-formula.component.html", "HTML", 0, 0, 0, 6, 0, 0, 0, 0, 0, 0, 1, 7
"c:\Users\alber\Documents\Programmieren\Capella\Capella\src\app\prokyon\formula-tab\geometric-formula\geometric-formula.component.spec.ts", "TypeScript", 0, 0, 20, 0, 0, 0, 0, 0, 0, 0, 6, 26
"c:\Users\alber\Documents\Programmieren\Capella\Capella\src\app\prokyon\formula-tab\geometric-formula\geometric-formula.component.ts", "TypeScript", 0, 0, 38, 0, 0, 0, 0, 0, 0, 0, 8, 46
"c:\Users\alber\Documents\Programmieren\Capella\Capella\src\app\prokyon\formula-tab\global\color-circle\color-circle.component.css", "CSS", 0, 0, 0, 0, 0, 0, 0, 12, 0, 0, 2, 14
"c:\Users\alber\Documents\Programmieren\Capella\Capella\src\app\prokyon\formula-tab\global\color-circle\color-circle.component.html", "HTML", 0, 0, 0, 1, 0, 0, 0, 0, 0, 0, 1, 2
"c:\Users\alber\Documents\Programmieren\Capella\Capella\src\app\prokyon\formula-tab\global\color-circle\color-circle.component.spec.ts", "TypeScript", 0, 0, 20, 0, 0, 0, 0, 0, 0, 0, 6, 26
"c:\Users\alber\Documents\Programmieren\Capella\Capella\src\app\prokyon\formula-tab\global\color-circle\color-circle.component.ts", "TypeScript", 0, 0, 39, 0, 0, 0, 0, 0, 0, 0, 10, 49
"c:\Users\alber\Documents\Programmieren\Capella\Capella\src\app\prokyon\formula-tab\global\interval\interval.component.css", "CSS", 0, 0, 0, 0, 0, 0, 0, 8, 0, 0, 3, 11
"c:\Users\alber\Documents\Programmieren\Capella\Capella\src\app\prokyon\formula-tab\global\interval\interval.component.html", "HTML", 0, 0, 0, 4, 0, 0, 0, 0, 0, 0, 1, 5
"c:\Users\alber\Documents\Programmieren\Capella\Capella\src\app\prokyon\formula-tab\global\interval\interval.component.spec.ts", "TypeScript", 0, 0, 20, 0, 0, 0, 0, 0, 0, 0, 6, 26
"c:\Users\alber\Documents\Programmieren\Capella\Capella\src\app\prokyon\formula-tab\global\interval\interval.component.ts", "TypeScript", 0, 0, 33, 0, 0, 0, 0, 0, 0, 0, 6, 39
"c:\Users\alber\Documents\Programmieren\Capella\Capella\src\app\prokyon\formula-tab\graph-formula\graph-formula.component.css", "CSS", 0, 0, 0, 0, 0, 0, 0, 13, 0, 0, 4, 17
"c:\Users\alber\Documents\Programmieren\Capella\Capella\src\app\prokyon\formula-tab\graph-formula\graph-formula.component.html", "HTML", 0, 0, 0, 5, 0, 0, 0, 0, 0, 0, 1, 6
"c:\Users\alber\Documents\Programmieren\Capella\Capella\src\app\prokyon\formula-tab\graph-formula\graph-formula.component.spec.ts", "TypeScript", 0, 0, 20, 0, 0, 0, 0, 0, 0, 0, 6, 26
"c:\Users\alber\Documents\Programmieren\Capella\Capella\src\app\prokyon\formula-tab\graph-formula\graph-formula.component.ts", "TypeScript", 0, 0, 98, 0, 0, 0, 0, 0, 0, 0, 9, 107
"c:\Users\alber\Documents\Programmieren\Capella\Capella\src\app\prokyon\formula-tab\point-formula\point-formula.component.css", "CSS", 0, 0, 0, 0, 0, 0, 0, 20, 0, 1, 4, 25
"c:\Users\alber\Documents\Programmieren\Capella\Capella\src\app\prokyon\formula-tab\point-formula\point-formula.component.html", "HTML", 0, 0, 0, 10, 0, 0, 0, 0, 0, 0, 1, 11
"c:\Users\alber\Documents\Programmieren\Capella\Capella\src\app\prokyon\formula-tab\point-formula\point-formula.component.spec.ts", "TypeScript", 0, 0, 20, 0, 0, 0, 0, 0, 0, 0, 6, 26
"c:\Users\alber\Documents\Programmieren\Capella\Capella\src\app\prokyon\formula-tab\point-formula\point-formula.component.ts", "TypeScript", 0, 0, 23, 0, 0, 0, 0, 0, 0, 0, 6, 29
"c:\Users\alber\Documents\Programmieren\Capella\Capella\src\app\prokyon\formula-tab\variable-formula\variable-formula.component.css", "CSS", 0, 0, 0, 0, 0, 0, 0, 26, 0, 0, 6, 32
"c:\Users\alber\Documents\Programmieren\Capella\Capella\src\app\prokyon\formula-tab\variable-formula\variable-formula.component.html", "HTML", 0, 0, 0, 6, 0, 0, 0, 0, 0, 0, 1, 7
"c:\Users\alber\Documents\Programmieren\Capella\Capella\src\app\prokyon\formula-tab\variable-formula\variable-formula.component.spec.ts", "TypeScript", 0, 0, 20, 0, 0, 0, 0, 0, 0, 0, 6, 26
"c:\Users\alber\Documents\Programmieren\Capella\Capella\src\app\prokyon\formula-tab\variable-formula\variable-formula.component.ts", "TypeScript", 0, 0, 32, 0, 0, 0, 0, 0, 0, 0, 7, 39
"c:\Users\alber\Documents\Programmieren\Capella\Capella\src\app\prokyon\func-analyser-dialog\func-analyser-dialog.component.css", "CSS", 0, 0, 0, 0, 0, 0, 0, 13, 0, 0, 4, 17
"c:\Users\alber\Documents\Programmieren\Capella\Capella\src\app\prokyon\func-analyser-dialog\func-analyser-dialog.component.html", "HTML", 0, 0, 0, 16, 0, 0, 0, 0, 0, 0, 1, 17
"c:\Users\alber\Documents\Programmieren\Capella\Capella\src\app\prokyon\func-analyser-dialog\func-analyser-dialog.component.spec.ts", "TypeScript", 0, 0, 20, 0, 0, 0, 0, 0, 0, 0, 6, 26
"c:\Users\alber\Documents\Programmieren\Capella\Capella\src\app\prokyon\func-analyser-dialog\func-analyser-dialog.component.ts", "TypeScript", 0, 0, 73, 0, 0, 0, 0, 0, 0, 3, 10, 86
"c:\Users\alber\Documents\Programmieren\Capella\Capella\src\app\prokyon\geometry-tab\geometry-tab.component.css", "CSS", 0, 0, 0, 0, 0, 0, 0, 62, 0, 1, 11, 74
"c:\Users\alber\Documents\Programmieren\Capella\Capella\src\app\prokyon\geometry-tab\geometry-tab.component.html", "HTML", 0, 0, 0, 9, 0, 0, 0, 0, 0, 0, 1, 10
"c:\Users\alber\Documents\Programmieren\Capella\Capella\src\app\prokyon\geometry-tab\geometry-tab.component.spec.ts", "TypeScript", 0, 0, 20, 0, 0, 0, 0, 0, 0, 0, 6, 26
"c:\Users\alber\Documents\Programmieren\Capella\Capella\src\app\prokyon\geometry-tab\geometry-tab.component.ts", "TypeScript", 0, 0, 117, 0, 0, 0, 0, 0, 0, 0, 10, 127
"c:\Users\alber\Documents\Programmieren\Capella\Capella\src\app\prokyon\global\classes\abstract\formulaDialogElement.ts", "TypeScript", 0, 0, 6, 0, 0, 0, 0, 0, 0, 0, 3, 9
"c:\Users\alber\Documents\Programmieren\Capella\Capella\src\app\prokyon\global\classes\abstract\formulaElement.ts", "TypeScript", 0, 0, 25, 0, 0, 0, 0, 0, 0, 3, 4, 32
"c:\Users\alber\Documents\Programmieren\Capella\Capella\src\app\prokyon\global\classes\abstract\prokyonCanvasElement.ts", "TypeScript", 0, 0, 83, 0, 0, 0, 0, 0, 0, 0, 15, 98
"c:\Users\alber\Documents\Programmieren\Capella\Capella\src\app\prokyon\global\classes\canvas-elements\abstractLine.ts", "TypeScript", 0, 0, 79, 0, 0, 0, 0, 0, 0, 2, 15, 96
"c:\Users\alber\Documents\Programmieren\Capella\Capella\src\app\prokyon\global\classes\canvas-elements\angleElement.ts", "TypeScript", 0, 0, 268, 0, 0, 0, 0, 0, 0, 0, 54, 322
"c:\Users\alber\Documents\Programmieren\Capella\Capella\src\app\prokyon\global\classes\canvas-elements\circleElement.ts", "TypeScript", 0, 0, 156, 0, 0, 0, 0, 0, 0, 0, 30, 186
"c:\Users\alber\Documents\Programmieren\Capella\Capella\src\app\prokyon\global\classes\canvas-elements\compiledPointElement.ts", "TypeScript", 0, 0, 160, 0, 0, 0, 0, 0, 0, 1, 30, 191
"c:\Users\alber\Documents\Programmieren\Capella\Capella\src\app\prokyon\global\classes\canvas-elements\curveElement.ts", "TypeScript", 0, 0, 363, 0, 0, 0, 0, 0, 0, 7, 59, 429
"c:\Users\alber\Documents\Programmieren\Capella\Capella\src\app\prokyon\global\classes\canvas-elements\definiteIntegral.ts", "TypeScript", 0, 0, 210, 0, 0, 0, 0, 0, 0, 11, 33, 254
"c:\Users\alber\Documents\Programmieren\Capella\Capella\src\app\prokyon\global\classes\canvas-elements\dependencyPointElements.ts", "TypeScript", 0, 0, 424, 0, 0, 0, 0, 0, 0, 21, 54, 499
"c:\Users\alber\Documents\Programmieren\Capella\Capella\src\app\prokyon\global\classes\canvas-elements\dynamicElement.ts", "TypeScript", 0, 0, 29, 0, 0, 0, 0, 0, 0, 2, 6, 37
"c:\Users\alber\Documents\Programmieren\Capella\Capella\src\app\prokyon\global\classes\canvas-elements\dynamicPointElement.ts", "TypeScript", 0, 0, 244, 0, 0, 0, 0, 0, 0, 8, 36, 288
"c:\Users\alber\Documents\Programmieren\Capella\Capella\src\app\prokyon\global\classes\canvas-elements\graph.ts", "TypeScript", 0, 0, 288, 0, 0, 0, 0, 0, 0, 24, 52, 364
"c:\Users\alber\Documents\Programmieren\Capella\Capella\src\app\prokyon\global\classes\canvas-elements\lineElement.ts", "TypeScript", 0, 0, 339, 0, 0, 0, 0, 0, 0, 5, 32, 376
"c:\Users\alber\Documents\Programmieren\Capella\Capella\src\app\prokyon\global\classes\canvas-elements\lineSegmentElement.ts", "TypeScript", 0, 0, 113, 0, 0, 0, 0, 0, 0, 0, 17, 130
"c:\Users\alber\Documents\Programmieren\Capella\Capella\src\app\prokyon\global\classes\canvas-elements\pointElement.ts", "TypeScript", 0, 0, 173, 0, 0, 0, 0, 0, 0, 3, 27, 203
"c:\Users\alber\Documents\Programmieren\Capella\Capella\src\app\prokyon\global\classes\canvas-elements\shapeElement.ts", "TypeScript", 0, 0, 236, 0, 0, 0, 0, 0, 0, 8, 45, 289
"c:\Users\alber\Documents\Programmieren\Capella\Capella\src\app\prokyon\global\classes\canvas-elements\variableElement.ts", "TypeScript", 0, 0, 63, 0, 0, 0, 0, 0, 0, 0, 10, 73
"c:\Users\alber\Documents\Programmieren\Capella\Capella\src\app\prokyon\global\classes\func\func.ts", "TypeScript", 0, 0, 30, 0, 0, 0, 0, 0, 0, 0, 7, 37
"c:\Users\alber\Documents\Programmieren\Capella\Capella\src\app\prokyon\global\classes\func\funcAnalyser.ts", "TypeScript", 0, 0, 81, 0, 0, 0, 0, 0, 0, 11, 14, 106
"c:\Users\alber\Documents\Programmieren\Capella\Capella\src\app\prokyon\global\classes\func\funcInspector.ts", "TypeScript", 0, 0, 100, 0, 0, 0, 0, 0, 0, 0, 16, 116
"c:\Users\alber\Documents\Programmieren\Capella\Capella\src\app\prokyon\global\classes\func\funcParser.ts", "TypeScript", 0, 0, 79, 0, 0, 0, 0, 0, 0, 10, 13, 102
"c:\Users\alber\Documents\Programmieren\Capella\Capella\src\app\prokyon\global\classes\func\operations\constants\constant.ts", "TypeScript", 0, 0, 26, 0, 0, 0, 0, 0, 0, 0, 5, 31
"c:\Users\alber\Documents\Programmieren\Capella\Capella\src\app\prokyon\global\classes\func\operations\constants\e.ts", "TypeScript", 0, 0, 9, 0, 0, 0, 0, 0, 0, 0, 3, 12
"c:\Users\alber\Documents\Programmieren\Capella\Capella\src\app\prokyon\global\classes\func\operations\constants\pi.ts", "TypeScript", 0, 0, 9, 0, 0, 0, 0, 0, 0, 0, 3, 12
"c:\Users\alber\Documents\Programmieren\Capella\Capella\src\app\prokyon\global\classes\func\operations\elementary-operations\addition.ts", "TypeScript", 0, 0, 72, 0, 0, 0, 0, 0, 0, 4, 10, 86
"c:\Users\alber\Documents\Programmieren\Capella\Capella\src\app\prokyon\global\classes\func\operations\elementary-operations\division.ts", "TypeScript", 0, 0, 69, 0, 0, 0, 0, 0, 0, 10, 15, 94
"c:\Users\alber\Documents\Programmieren\Capella\Capella\src\app\prokyon\global\classes\func\operations\elementary-operations\modulo.ts", "TypeScript", 0, 0, 19, 0, 0, 0, 0, 0, 0, 0, 6, 25
"c:\Users\alber\Documents\Programmieren\Capella\Capella\src\app\prokyon\global\classes\func\operations\elementary-operations\multiplication.ts", "TypeScript", 0, 0, 95, 0, 0, 0, 0, 0, 0, 6, 12, 113
"c:\Users\alber\Documents\Programmieren\Capella\Capella\src\app\prokyon\global\classes\func\operations\elementary-operations\pow.ts", "TypeScript", 0, 0, 42, 0, 0, 0, 0, 0, 0, 3, 11, 56
"c:\Users\alber\Documents\Programmieren\Capella\Capella\src\app\prokyon\global\classes\func\operations\elementary-operations\root.ts", "TypeScript", 0, 0, 30, 0, 0, 0, 0, 0, 0, 0, 10, 40
"c:\Users\alber\Documents\Programmieren\Capella\Capella\src\app\prokyon\global\classes\func\operations\elementary-operations\subtraction.ts", "TypeScript", 0, 0, 43, 0, 0, 0, 0, 0, 0, 4, 9, 56
"c:\Users\alber\Documents\Programmieren\Capella\Capella\src\app\prokyon\global\classes\func\operations\externalFunction.ts", "TypeScript", 0, 0, 27, 0, 0, 0, 0, 0, 0, 0, 8, 35
"c:\Users\alber\Documents\Programmieren\Capella\Capella\src\app\prokyon\global\classes\func\operations\operation.ts", "TypeScript", 0, 0, 9, 0, 0, 0, 0, 0, 0, 0, 2, 11
"c:\Users\alber\Documents\Programmieren\Capella\Capella\src\app\prokyon\global\classes\func\operations\operationsParser.ts", "TypeScript", 0, 0, 305, 0, 0, 0, 0, 0, 0, 50, 51, 406
"c:\Users\alber\Documents\Programmieren\Capella\Capella\src\app\prokyon\global\classes\func\operations\other-operations\Absolute.ts", "TypeScript", 0, 0, 13, 0, 0, 0, 0, 0, 0, 0, 6, 19
"c:\Users\alber\Documents\Programmieren\Capella\Capella\src\app\prokyon\global\classes\func\operations\other-operations\conditionalOperation.ts", "TypeScript", 0, 0, 29, 0, 0, 0, 0, 0, 0, 0, 8, 37
"c:\Users\alber\Documents\Programmieren\Capella\Capella\src\app\prokyon\global\classes\func\operations\other-operations\generalFunction.ts", "TypeScript", 0, 0, 20, 0, 0, 0, 0, 0, 0, 0, 7, 27
"c:\Users\alber\Documents\Programmieren\Capella\Capella\src\app\prokyon\global\classes\func\operations\other-operations\logarithm.ts", "TypeScript", 0, 0, 16, 0, 0, 0, 0, 0, 0, 0, 6, 22
"c:\Users\alber\Documents\Programmieren\Capella\Capella\src\app\prokyon\global\classes\func\operations\other-operations\naturalLogarithm.ts", "TypeScript", 0, 0, 30, 0, 0, 0, 0, 0, 0, 0, 8, 38
"c:\Users\alber\Documents\Programmieren\Capella\Capella\src\app\prokyon\global\classes\func\operations\other-operations\signum.ts", "TypeScript", 0, 0, 13, 0, 0, 0, 0, 0, 0, 0, 6, 19
"c:\Users\alber\Documents\Programmieren\Capella\Capella\src\app\prokyon\global\classes\func\operations\trigonometry\arcuscosecans.ts", "TypeScript", 0, 0, 13, 0, 0, 0, 0, 0, 0, 0, 5, 18
"c:\Users\alber\Documents\Programmieren\Capella\Capella\src\app\prokyon\global\classes\func\operations\trigonometry\arcuscosinus.ts", "TypeScript", 0, 0, 13, 0, 0, 0, 0, 0, 0, 0, 5, 18
"c:\Users\alber\Documents\Programmieren\Capella\Capella\src\app\prokyon\global\classes\func\operations\trigonometry\arcuscotangens.ts", "TypeScript", 0, 0, 13, 0, 0, 0, 0, 0, 0, 0, 5, 18
"c:\Users\alber\Documents\Programmieren\Capella\Capella\src\app\prokyon\global\classes\func\operations\trigonometry\arcussecans.ts", "TypeScript", 0, 0, 13, 0, 0, 0, 0, 0, 0, 0, 5, 18
"c:\Users\alber\Documents\Programmieren\Capella\Capella\src\app\prokyon\global\classes\func\operations\trigonometry\arcussinus.ts", "TypeScript", 0, 0, 13, 0, 0, 0, 0, 0, 0, 0, 5, 18
"c:\Users\alber\Documents\Programmieren\Capella\Capella\src\app\prokyon\global\classes\func\operations\trigonometry\arcustangens.ts", "TypeScript", 0, 0, 13, 0, 0, 0, 0, 0, 0, 0, 5, 18
"c:\Users\alber\Documents\Programmieren\Capella\Capella\src\app\prokyon\global\classes\func\operations\trigonometry\cosecans.ts", "TypeScript", 0, 0, 13, 0, 0, 0, 0, 0, 0, 0, 5, 18
"c:\Users\alber\Documents\Programmieren\Capella\Capella\src\app\prokyon\global\classes\func\operations\trigonometry\cosinus.ts", "TypeScript", 0, 0, 19, 0, 0, 0, 0, 0, 0, 0, 6, 25
"c:\Users\alber\Documents\Programmieren\Capella\Capella\src\app\prokyon\global\classes\func\operations\trigonometry\cosinusHyperbolicus.ts", "TypeScript", 0, 0, 15, 0, 0, 0, 0, 0, 0, 0, 5, 20
"c:\Users\alber\Documents\Programmieren\Capella\Capella\src\app\prokyon\global\classes\func\operations\trigonometry\cotangens.ts", "TypeScript", 0, 0, 13, 0, 0, 0, 0, 0, 0, 0, 5, 18
"c:\Users\alber\Documents\Programmieren\Capella\Capella\src\app\prokyon\global\classes\func\operations\trigonometry\secans.ts", "TypeScript", 0, 0, 13, 0, 0, 0, 0, 0, 0, 0, 5, 18
"c:\Users\alber\Documents\Programmieren\Capella\Capella\src\app\prokyon\global\classes\func\operations\trigonometry\sinus.ts", "TypeScript", 0, 0, 15, 0, 0, 0, 0, 0, 0, 0, 5, 20
"c:\Users\alber\Documents\Programmieren\Capella\Capella\src\app\prokyon\global\classes\func\operations\trigonometry\sinusHyperbolicus.ts", "TypeScript", 0, 0, 15, 0, 0, 0, 0, 0, 0, 0, 5, 20
"c:\Users\alber\Documents\Programmieren\Capella\Capella\src\app\prokyon\global\classes\func\operations\trigonometry\tangens.ts", "TypeScript", 0, 0, 17, 0, 0, 0, 0, 0, 0, 0, 5, 22
"c:\Users\alber\Documents\Programmieren\Capella\Capella\src\app\prokyon\global\classes\func\operations\variable.ts", "TypeScript", 0, 0, 21, 0, 0, 0, 0, 0, 0, 0, 6, 27
"c:\Users\alber\Documents\Programmieren\Capella\Capella\src\app\prokyon\global\classes\grid.ts", "TypeScript", 0, 0, 149, 0, 0, 0, 0, 0, 0, 13, 9, 171
"c:\Users\alber\Documents\Programmieren\Capella\Capella\src\app\prokyon\global\classes\modes\angleBisectorMode.ts", "TypeScript", 0, 0, 9, 0, 0, 0, 0, 0, 0, 0, 3, 12
"c:\Users\alber\Documents\Programmieren\Capella\Capella\src\app\prokyon\global\classes\modes\angleMode.ts", "TypeScript", 0, 0, 9, 0, 0, 0, 0, 0, 0, 0, 3, 12
"c:\Users\alber\Documents\Programmieren\Capella\Capella\src\app\prokyon\global\classes\modes\bisectionMode.ts", "TypeScript", 0, 0, 13, 0, 0, 0, 0, 0, 0, 0, 4, 17
"c:\Users\alber\Documents\Programmieren\Capella\Capella\src\app\prokyon\global\classes\modes\changeVisibilityMode.ts", "TypeScript", 0, 0, 15, 0, 0, 0, 0, 0, 0, 0, 3, 18
"c:\Users\alber\Documents\Programmieren\Capella\Capella\src\app\prokyon\global\classes\modes\circleMode.ts", "TypeScript", 0, 0, 23, 0, 0, 0, 0, 0, 0, 0, 5, 28
"c:\Users\alber\Documents\Programmieren\Capella\Capella\src\app\prokyon\global\classes\modes\intersectionMode.ts", "TypeScript", 0, 0, 16, 0, 0, 0, 0, 0, 0, 0, 4, 20
"c:\Users\alber\Documents\Programmieren\Capella\Capella\src\app\prokyon\global\classes\modes\lineSegmentsMode.ts", "TypeScript", 0, 0, 19, 0, 0, 0, 0, 0, 0, 0, 4, 23
"c:\Users\alber\Documents\Programmieren\Capella\Capella\src\app\prokyon\global\classes\modes\linesMode.ts", "TypeScript", 0, 0, 13, 0, 0, 0, 0, 0, 0, 0, 5, 18
"c:\Users\alber\Documents\Programmieren\Capella\Capella\src\app\prokyon\global\classes\modes\middlePointMode.ts", "TypeScript", 0, 0, 13, 0, 0, 0, 0, 0, 0, 0, 4, 17
"c:\Users\alber\Documents\Programmieren\Capella\Capella\src\app\prokyon\global\classes\modes\moveLabelsMode.ts", "TypeScript", 0, 0, 35, 0, 0, 0, 0, 0, 0, 0, 4, 39
"c:\Users\alber\Documents\Programmieren\Capella\Capella\src\app\prokyon\global\classes\modes\moveMode.ts", "TypeScript", 0, 0, 14, 0, 0, 0, 0, 0, 0, 2, 4, 20
"c:\Users\alber\Documents\Programmieren\Capella\Capella\src\app\prokyon\global\classes\modes\movePointsMode.ts", "TypeScript", 0, 0, 27, 0, 0, 0, 0, 0, 0, 0, 4, 31
"c:\Users\alber\Documents\Programmieren\Capella\Capella\src\app\prokyon\global\classes\modes\multipleElementsSelectMode.ts", "TypeScript", 0, 0, 42, 0, 0, 0, 0, 0, 0, 6, 7, 55
"c:\Users\alber\Documents\Programmieren\Capella\Capella\src\app\prokyon\global\classes\modes\orthogonalMode.ts", "TypeScript", 0, 0, 14, 0, 0, 0, 0, 0, 0, 0, 3, 17
"c:\Users\alber\Documents\Programmieren\Capella\Capella\src\app\prokyon\global\classes\modes\parallelMode.ts", "TypeScript", 0, 0, 14, 0, 0, 0, 0, 0, 0, 0, 3, 17
"c:\Users\alber\Documents\Programmieren\Capella\Capella\src\app\prokyon\global\classes\modes\pointsMode.ts", "TypeScript", 0, 0, 11, 0, 0, 0, 0, 0, 0, 0, 2, 13
"c:\Users\alber\Documents\Programmieren\Capella\Capella\src\app\prokyon\global\classes\modes\prokyonMode.ts", "TypeScript", 0, 0, 6, 0, 0, 0, 0, 0, 0, 0, 2, 8
"c:\Users\alber\Documents\Programmieren\Capella\Capella\src\app\prokyon\global\classes\modes\shapeMode.ts", "TypeScript", 0, 0, 16, 0, 0, 0, 0, 0, 0, 0, 3, 19
"c:\Users\alber\Documents\Programmieren\Capella\Capella\src\app\prokyon\global\classes\modes\showLabelVisibilityMode.ts", "TypeScript", 0, 0, 14, 0, 0, 0, 0, 0, 0, 0, 2, 16
"c:\Users\alber\Documents\Programmieren\Capella\Capella\src\app\prokyon\global\classes\modes\tangensMode.ts", "TypeScript", 0, 0, 14, 0, 0, 0, 0, 0, 0, 0, 4, 18
"c:\Users\alber\Documents\Programmieren\Capella\Capella\src\app\prokyon\global\classes\modes\threePointsSelectMode.ts", "TypeScript", 0, 0, 50, 0, 0, 0, 0, 0, 0, 0, 7, 57
"c:\Users\alber\Documents\Programmieren\Capella\Capella\src\app\prokyon\global\classes\modes\twoElementsSelectMode.ts", "TypeScript", 0, 0, 48, 0, 0, 0, 0, 0, 0, 4, 11, 63
"c:\Users\alber\Documents\Programmieren\Capella\Capella\src\app\prokyon\global\classes\modes\twoPointsOrLineSegmentSelectMode.ts", "TypeScript", 0, 0, 24, 0, 0, 0, 0, 0, 0, 0, 4, 28
"c:\Users\alber\Documents\Programmieren\Capella\Capella\src\app\prokyon\global\classes\prokyonCanvasConfig.ts", "TypeScript", 0, 0, 9, 0, 0, 0, 0, 0, 0, 0, 1, 10
"c:\Users\alber\Documents\Programmieren\Capella\Capella\src\app\prokyon\global\essentials\analysingFunctionsUtils.ts", "TypeScript", 0, 0, 37, 0, 0, 0, 0, 0, 0, 0, 6, 43
"c:\Users\alber\Documents\Programmieren\Capella\Capella\src\app\prokyon\global\essentials\funcUtils.ts", "TypeScript", 0, 0, 11, 0, 0, 0, 0, 0, 0, 1, 4, 16
"c:\Users\alber\Documents\Programmieren\Capella\Capella\src\app\prokyon\global\essentials\geometryUtils.ts", "TypeScript", 0, 0, 233, 0, 0, 0, 0, 0, 0, 8, 46, 287
"c:\Users\alber\Documents\Programmieren\Capella\Capella\src\app\prokyon\global\essentials\serializer.ts", "TypeScript", 0, 0, 170, 0, 0, 0, 0, 0, 0, 1, 18, 189
"c:\Users\alber\Documents\Programmieren\Capella\Capella\src\app\prokyon\global\essentials\straightLineUtils.ts", "TypeScript", 0, 0, 10, 0, 0, 0, 0, 0, 0, 5, 6, 21
"c:\Users\alber\Documents\Programmieren\Capella\Capella\src\app\prokyon\hover-menu\hover-menu.directive.spec.ts", "TypeScript", 0, 0, 7, 0, 0, 0, 0, 0, 0, 1, 2, 10
"c:\Users\alber\Documents\Programmieren\Capella\Capella\src\app\prokyon\hover-menu\hover-menu.directive.ts", "TypeScript", 0, 0, 64, 0, 0, 0, 0, 0, 0, 9, 17, 90
"c:\Users\alber\Documents\Programmieren\Capella\Capella\src\app\prokyon\hover-menu\hover-menu\hover-menu.component.css", "CSS", 0, 0, 0, 0, 0, 0, 0, 18, 0, 0, 2, 20
"c:\Users\alber\Documents\Programmieren\Capella\Capella\src\app\prokyon\hover-menu\hover-menu\hover-menu.component.html", "HTML", 0, 0, 0, 3, 0, 0, 0, 0, 0, 0, 1, 4
"c:\Users\alber\Documents\Programmieren\Capella\Capella\src\app\prokyon\hover-menu\hover-menu\hover-menu.component.spec.ts", "TypeScript", 0, 0, 20, 0, 0, 0, 0, 0, 0, 0, 6, 26
"c:\Users\alber\Documents\Programmieren\Capella\Capella\src\app\prokyon\hover-menu\hover-menu\hover-menu.component.ts", "TypeScript", 0, 0, 35, 0, 0, 0, 0, 0, 0, 0, 9, 44
"c:\Users\alber\Documents\Programmieren\Capella\Capella\src\app\prokyon\intersection-dialog\intersection-dialog.component.css", "CSS", 0, 0, 0, 0, 0, 0, 0, 13, 0, 0, 4, 17
"c:\Users\alber\Documents\Programmieren\Capella\Capella\src\app\prokyon\intersection-dialog\intersection-dialog.component.html", "HTML", 0, 0, 0, 17, 0, 0, 0, 0, 0, 0, 1, 18
"c:\Users\alber\Documents\Programmieren\Capella\Capella\src\app\prokyon\intersection-dialog\intersection-dialog.component.spec.ts", "TypeScript", 0, 0, 20, 0, 0, 0, 0, 0, 0, 0, 6, 26
"c:\Users\alber\Documents\Programmieren\Capella\Capella\src\app\prokyon\intersection-dialog\intersection-dialog.component.ts", "TypeScript", 0, 0, 71, 0, 0, 0, 0, 0, 0, 4, 14, 89
"c:\Users\alber\Documents\Programmieren\Capella\Capella\src\app\prokyon\prokyon.component.html", "HTML", 0, 0, 0, 6, 0, 0, 0, 0, 0, 0, 1, 7
"c:\Users\alber\Documents\Programmieren\Capella\Capella\src\app\prokyon\prokyon.component.scss", "SCSS", 0, 0, 0, 0, 20, 0, 0, 0, 0, 0, 3, 23
"c:\Users\alber\Documents\Programmieren\Capella\Capella\src\app\prokyon\prokyon.component.spec.ts", "TypeScript", 0, 0, 18, 0, 0, 0, 0, 0, 0, 0, 6, 24
"c:\Users\alber\Documents\Programmieren\Capella\Capella\src\app\prokyon\prokyon.component.ts", "TypeScript", 0, 0, 47, 0, 0, 0, 0, 0, 0, 0, 6, 53
"c:\Users\alber\Documents\Programmieren\Capella\Capella\src\app\prokyon\screenshot-dialog\screenshot-dialog.component.css", "CSS", 0, 0, 0, 0, 0, 0, 0, 25, 0, 0, 8, 33
"c:\Users\alber\Documents\Programmieren\Capella\Capella\src\app\prokyon\screenshot-dialog\screenshot-dialog.component.html", "HTML", 0, 0, 0, 25, 0, 0, 0, 0, 0, 0, 1, 26
"c:\Users\alber\Documents\Programmieren\Capella\Capella\src\app\prokyon\screenshot-dialog\screenshot-dialog.component.spec.ts", "TypeScript", 0, 0, 20, 0, 0, 0, 0, 0, 0, 0, 6, 26
"c:\Users\alber\Documents\Programmieren\Capella\Capella\src\app\prokyon\screenshot-dialog\screenshot-dialog.component.ts", "TypeScript", 0, 0, 153, 0, 0, 0, 0, 0, 0, 2, 33, 188
"c:\Users\alber\Documents\Programmieren\Capella\Capella\src\app\prokyon\services\drawer.service.spec.ts", "TypeScript", 0, 0, 12, 0, 0, 0, 0, 0, 0, 0, 5, 17
"c:\Users\alber\Documents\Programmieren\Capella\Capella\src\app\prokyon\services\drawer.service.ts", "TypeScript", 0, 0, 584, 0, 0, 0, 0, 0, 0, 59, 118, 761
"c:\Users\alber\Documents\Programmieren\Capella\Capella\src\app\prokyon\settings-tab\settings-tab.component.css", "CSS", 0, 0, 0, 0, 0, 0, 0, 26, 0, 0, 6, 32
"c:\Users\alber\Documents\Programmieren\Capella\Capella\src\app\prokyon\settings-tab\settings-tab.component.html", "HTML", 0, 0, 0, 33, 0, 0, 0, 0, 0, 0, 1, 34
"c:\Users\alber\Documents\Programmieren\Capella\Capella\src\app\prokyon\settings-tab\settings-tab.component.spec.ts", "TypeScript", 0, 0, 20, 0, 0, 0, 0, 0, 0, 0, 6, 26
"c:\Users\alber\Documents\Programmieren\Capella\Capella\src\app\prokyon\settings-tab\settings-tab.component.ts", "TypeScript", 0, 0, 58, 0, 0, 0, 0, 0, 0, 0, 11, 69
"c:\Users\alber\Documents\Programmieren\Capella\Capella\src\app\prokyon\tab-group\tab-group.component.css", "CSS", 0, 0, 0, 0, 0, 0, 0, 101, 0, 1, 15, 117
"c:\Users\alber\Documents\Programmieren\Capella\Capella\src\app\prokyon\tab-group\tab-group.component.html", "HTML", 0, 0, 0, 13, 0, 0, 0, 0, 0, 0, 1, 14
"c:\Users\alber\Documents\Programmieren\Capella\Capella\src\app\prokyon\tab-group\tab-group.component.spec.ts", "TypeScript", 0, 0, 20, 0, 0, 0, 0, 0, 0, 0, 6, 26
"c:\Users\alber\Documents\Programmieren\Capella\Capella\src\app\prokyon\tab-group\tab-group.component.ts", "TypeScript", 0, 0, 53, 0, 0, 0, 0, 0, 0, 0, 11, 64
"c:\Users\alber\Documents\Programmieren\Capella\Capella\src\app\whiteboard\canvas\whiteboardCanvas.component.html", "HTML", 0, 0, 0, 3, 0, 0, 0, 0, 0, 0, 1, 4
"c:\Users\alber\Documents\Programmieren\Capella\Capella\src\app\whiteboard\canvas\whiteboardCanvas.component.scss", "SCSS", 0, 0, 0, 0, 1, 0, 0, 0, 0, 0, 0, 1
"c:\Users\alber\Documents\Programmieren\Capella\Capella\src\app\whiteboard\canvas\whiteboardCanvas.component.spec.ts", "TypeScript", 0, 0, 17, 0, 0, 0, 0, 0, 0, 0, 4, 21
"c:\Users\alber\Documents\Programmieren\Capella\Capella\src\app\whiteboard\canvas\whiteboardCanvas.component.ts", "TypeScript", 0, 0, 18, 0, 0, 0, 0, 0, 0, 0, 5, 23
"c:\Users\alber\Documents\Programmieren\Capella\Capella\src\app\whiteboard\global\classes\abstract\whiteboardCanvasTransformableElement.ts", "TypeScript", 0, 0, 77, 0, 0, 0, 0, 0, 0, 1, 14, 92
"c:\Users\alber\Documents\Programmieren\Capella\Capella\src\app\whiteboard\global\classes\canvas-elements\penElement.ts", "TypeScript", 0, 0, 35, 0, 0, 0, 0, 0, 0, 0, 10, 45
"c:\Users\alber\Documents\Programmieren\Capella\Capella\src\app\whiteboard\global\classes\modes\abstractTextMode.ts", "TypeScript", 0, 0, 44, 0, 0, 0, 0, 0, 0, 3, 8, 55
"c:\Users\alber\Documents\Programmieren\Capella\Capella\src\app\whiteboard\global\classes\modes\deleteMode.ts", "TypeScript", 0, 0, 17, 0, 0, 0, 0, 0, 0, 1, 6, 24
"c:\Users\alber\Documents\Programmieren\Capella\Capella\src\app\whiteboard\global\classes\modes\eraseMode.ts", "TypeScript", 0, 0, 17, 0, 0, 0, 0, 0, 0, 1, 6, 24
"c:\Users\alber\Documents\Programmieren\Capella\Capella\src\app\whiteboard\global\classes\modes\moveMode.ts", "TypeScript", 0, 0, 18, 0, 0, 0, 0, 0, 0, 1, 6, 25
"c:\Users\alber\Documents\Programmieren\Capella\Capella\src\app\whiteboard\global\classes\modes\penMode.ts", "TypeScript", 0, 0, 62, 0, 0, 0, 0, 0, 0, 0, 12, 74
"c:\Users\alber\Documents\Programmieren\Capella\Capella\src\app\whiteboard\global\classes\modes\selectionMode.ts", "TypeScript", 0, 0, 17, 0, 0, 0, 0, 0, 0, 1, 6, 24
"c:\Users\alber\Documents\Programmieren\Capella\Capella\src\app\whiteboard\global\classes\modes\shapeMode.ts", "TypeScript", 0, 0, 17, 0, 0, 0, 0, 0, 0, 1, 6, 24
"c:\Users\alber\Documents\Programmieren\Capella\Capella\src\app\whiteboard\global\classes\modes\textMode.ts", "TypeScript", 0, 0, 8, 0, 0, 0, 0, 0, 0, 0, 4, 12
"c:\Users\alber\Documents\Programmieren\Capella\Capella\src\app\whiteboard\global\classes\modes\whiteboardMode.ts", "TypeScript", 0, 0, 25, 0, 0, 0, 0, 0, 0, 0, 4, 29
"c:\Users\alber\Documents\Programmieren\Capella\Capella\src\app\whiteboard\global\classes\textBox.ts", "TypeScript", 0, 0, 768, 0, 0, 0, 0, 0, 0, 94, 143, 1005
"c:\Users\alber\Documents\Programmieren\Capella\Capella\src\app\whiteboard\global\classes\textElements.ts", "TypeScript", 0, 0, 15, 0, 0, 0, 0, 0, 0, 0, 5, 20
"c:\Users\alber\Documents\Programmieren\Capella\Capella\src\app\whiteboard\global\interfaces\penStyle.ts", "TypeScript", 0, 0, 132, 0, 0, 0, 0, 0, 0, 0, 13, 145
"c:\Users\alber\Documents\Programmieren\Capella\Capella\src\app\whiteboard\quick-actions\quick-actions.component.html", "HTML", 0, 0, 0, 5, 0, 0, 0, 0, 0, 0, 0, 5
"c:\Users\alber\Documents\Programmieren\Capella\Capella\src\app\whiteboard\quick-actions\quick-actions.component.scss", "SCSS", 0, 0, 0, 0, 4, 0, 0, 0, 0, 0, 0, 4
"c:\Users\alber\Documents\Programmieren\Capella\Capella\src\app\whiteboard\quick-actions\quick-actions.component.spec.ts", "TypeScript", 0, 0, 18, 0, 0, 0, 0, 0, 0, 0, 6, 24
"c:\Users\alber\Documents\Programmieren\Capella\Capella\src\app\whiteboard\quick-actions\quick-actions.component.ts", "TypeScript", 0, 0, 64, 0, 0, 0, 0, 0, 0, 2, 12, 78
"c:\Users\alber\Documents\Programmieren\Capella\Capella\src\app\whiteboard\services\page.ts", "TypeScript", 0, 0, 309, 0, 0, 0, 0, 0, 0, 69, 69, 447
"c:\Users\alber\Documents\Programmieren\Capella\Capella\src\app\whiteboard\services\whiteboard.service.spec.ts", "TypeScript", 0, 0, 12, 0, 0, 0, 0, 0, 0, 0, 5, 17
"c:\Users\alber\Documents\Programmieren\Capella\Capella\src\app\whiteboard\services\whiteboard.service.ts", "TypeScript", 0, 0, 125, 0, 0, 0, 0, 0, 0, 26, 35, 186
"c:\Users\alber\Documents\Programmieren\Capella\Capella\src\app\whiteboard\services\whiteboardSettings.ts", "TypeScript", 0, 0, 87, 0, 0, 0, 0, 0, 0, 0, 21, 108
"c:\Users\alber\Documents\Programmieren\Capella\Capella\src\app\whiteboard\whiteboard\whiteboard.component.html", "HTML", 0, 0, 0, 11, 0, 0, 0, 0, 0, 0, 0, 11
"c:\Users\alber\Documents\Programmieren\Capella\Capella\src\app\whiteboard\whiteboard\whiteboard.component.scss", "SCSS", 0, 0, 0, 0, 29, 0, 0, 0, 0, 5, 4, 38
"c:\Users\alber\Documents\Programmieren\Capella\Capella\src\app\whiteboard\whiteboard\whiteboard.component.spec.ts", "TypeScript", 0, 0, 17, 0, 0, 0, 0, 0, 0, 0, 5, 22
"c:\Users\alber\Documents\Programmieren\Capella\Capella\src\app\whiteboard\whiteboard\whiteboard.component.ts", "TypeScript", 0, 0, 216, 0, 0, 0, 0, 0, 0, 1, 8, 225
"c:\Users\alber\Documents\Programmieren\Capella\Capella\src\assets\angle.svg", "XML", 0, 0, 0, 0, 0, 12, 0, 0, 0, 0, 2, 14
"c:\Users\alber\Documents\Programmieren\Capella\Capella\src\assets\angleBisector.svg", "XML", 0, 0, 0, 0, 0, 10, 0, 0, 0, 0, 3, 13
"c:\Users\alber\Documents\Programmieren\Capella\Capella\src\assets\ballpoint.svg", "XML", 0, 0, 0, 0, 0, 12, 0, 0, 0, 0, 3, 15
"c:\Users\alber\Documents\Programmieren\Capella\Capella\src\assets\bisection.svg", "XML", 0, 0, 0, 0, 0, 9, 0, 0, 0, 0, 3, 12
"c:\Users\alber\Documents\Programmieren\Capella\Capella\src\assets\changeVisibility.svg", "XML", 0, 0, 0, 0, 0, 11, 0, 0, 0, 0, 3, 14
"c:\Users\alber\Documents\Programmieren\Capella\Capella\src\assets\circle.svg", "XML", 0, 0, 0, 0, 0, 9, 0, 0, 0, 0, 3, 12
"c:\Users\alber\Documents\Programmieren\Capella\Capella\src\assets\copy.svg", "XML", 0, 0, 0, 0, 0, 19, 0, 0, 0, 0, 3, 22
"c:\Users\alber\Documents\Programmieren\Capella\Capella\src\assets\eraser.svg", "XML", 0, 0, 0, 0, 0, 10, 0, 0, 0, 0, 3, 13
"c:\Users\alber\Documents\Programmieren\Capella\Capella\src\assets\export.svg", "XML", 0, 0, 0, 0, 0, 15, 0, 0, 0, 0, 1, 16
"c:\Users\alber\Documents\Programmieren\Capella\Capella\src\assets\fueller.svg", "XML", 0, 0, 0, 0, 0, 15, 0, 0, 0, 0, 3, 18
"c:\Users\alber\Documents\Programmieren\Capella\Capella\src\assets\intersection.svg", "XML", 0, 0, 0, 0, 0, 10, 0, 0, 0, 0, 3, 13
"c:\Users\alber\Documents\Programmieren\Capella\Capella\src\assets\left.svg", "XML", 0, 0, 0, 0, 0, 10, 0, 0, 0, 0, 1, 11
"c:\Users\alber\Documents\Programmieren\Capella\Capella\src\assets\line.svg", "XML", 0, 0, 0, 0, 0, 9, 0, 0, 0, 0, 3, 12
"c:\Users\alber\Documents\Programmieren\Capella\Capella\src\assets\lineSegment.svg", "XML", 0, 0, 0, 0, 0, 9, 0, 0, 0, 0, 3, 12
"c:\Users\alber\Documents\Programmieren\Capella\Capella\src\assets\marker.svg", "XML", 0, 0, 0, 0, 0, 13, 0, 0, 0, 0, 3, 16
"c:\Users\alber\Documents\Programmieren\Capella\Capella\src\assets\middlePoint.svg", "XML", 0, 0, 0, 0, 0, 9, 0, 0, 0, 0, 3, 12
"c:\Users\alber\Documents\Programmieren\Capella\Capella\src\assets\move.svg", "XML", 0, 0, 0, 0, 0, 16, 0, 0, 0, 0, 3, 19
"c:\Users\alber\Documents\Programmieren\Capella\Capella\src\assets\moveLabels.svg", "XML", 0, 0, 0, 0, 0, 11, 0, 0, 0, 0, 3, 14
"c:\Users\alber\Documents\Programmieren\Capella\Capella\src\assets\movePoints.svg", "XML", 0, 0, 0, 0, 0, 10, 0, 0, 0, 0, 3, 13
"c:\Users\alber\Documents\Programmieren\Capella\Capella\src\assets\moveWhiteboard.svg", "XML", 0, 0, 0, 0, 0, 18, 0, 0, 0, 0, 1, 19
"c:\Users\alber\Documents\Programmieren\Capella\Capella\src\assets\openFile.svg", "XML", 0, 0, 0, 0, 0, 15, 0, 0, 0, 0, 1, 16
"c:\Users\alber\Documents\Programmieren\Capella\Capella\src\assets\orthogonal.svg", "XML", 0, 0, 0, 0, 0, 9, 0, 0, 0, 0, 3, 12
"c:\Users\alber\Documents\Programmieren\Capella\Capella\src\assets\parallel.svg", "XML", 0, 0, 0, 0, 0, 9, 0, 0, 0, 0, 3, 12
"c:\Users\alber\Documents\Programmieren\Capella\Capella\src\assets\pen.svg", "XML", 0, 0, 0, 0, 0, 10, 0, 0, 0, 0, 3, 13
"c:\Users\alber\Documents\Programmieren\Capella\Capella\src\assets\pencil.svg", "XML", 0, 0, 0, 0, 0, 14, 0, 0, 0, 0, 3, 17
"c:\Users\alber\Documents\Programmieren\Capella\Capella\src\assets\pencilDrawing.svg", "XML", 0, 0, 0, 0, 0, 11, 0, 0, 0, 0, 2, 13
"c:\Users\alber\Documents\Programmieren\Capella\Capella\src\assets\plus.svg", "XML", 0, 0, 0, 0, 0, 10, 0, 0, 0, 0, 1, 11
"c:\Users\alber\Documents\Programmieren\Capella\Capella\src\assets\points.svg", "XML", 0, 0, 0, 0, 0, 9, 0, 0, 0, 0, 3, 12
"c:\Users\alber\Documents\Programmieren\Capella\Capella\src\assets\polygon.svg", "XML", 0, 0, 0, 0, 0, 11, 0, 0, 0, 0, 3, 14
"c:\Users\alber\Documents\Programmieren\Capella\Capella\src\assets\right.svg", "XML", 0, 0, 0, 0, 0, 10, 0, 0, 0, 0, 1, 11
"c:\Users\alber\Documents\Programmieren\Capella\Capella\src\assets\saveFile.svg", "XML", 0, 0, 0, 0, 0, 14, 0, 0, 0, 0, 1, 15
"c:\Users\alber\Documents\Programmieren\Capella\Capella\src\assets\showLabelVisibility.svg", "XML", 0, 0, 0, 0, 0, 8, 0, 0, 0, 0, 3, 11
"c:\Users\alber\Documents\Programmieren\Capella\Capella\src\assets\tangens.svg", "XML", 0, 0, 0, 0, 0, 10, 0, 0, 0, 0, 3, 13
"c:\Users\alber\Documents\Programmieren\Capella\Capella\src\assets\tex-svg.js", "JavaScript", 0, 0, 0, 0, 0, 0, 0, 0, 1, 0, 0, 1
"c:\Users\alber\Documents\Programmieren\Capella\Capella\src\assets\text.svg", "XML", 0, 0, 0, 0, 0, 11, 0, 0, 0, 0, 1, 12
"c:\Users\alber\Documents\Programmieren\Capella\Capella\src\assets\trash.svg", "XML", 0, 0, 0, 0, 0, 12, 0, 0, 0, 0, 1, 13
"c:\Users\alber\Documents\Programmieren\Capella\Capella\src\index.html", "HTML", 0, 0, 0, 19, 0, 0, 0, 0, 0, 0, 2, 21
"c:\Users\alber\Documents\Programmieren\Capella\Capella\src\main.ts", "TypeScript", 0, 0, 4, 0, 0, 0, 0, 0, 0, 0, 4, 8
"c:\Users\alber\Documents\Programmieren\Capella\Capella\src\styles.scss", "SCSS", 0, 0, 0, 0, 13, 0, 0, 0, 0, 1, 2, 16
"c:\Users\alber\Documents\Programmieren\Capella\Capella\tsconfig.app.json", "JSON", 13, 0, 0, 0, 0, 0, 0, 0, 0, 1, 1, 15
"c:\Users\alber\Documents\Programmieren\Capella\Capella\tsconfig.json", "JSON with Comments", 0, 32, 0, 0, 0, 0, 0, 0, 0, 1, 1, 34
"c:\Users\alber\Documents\Programmieren\Capella\Capella\tsconfig.spec.json", "JSON", 13, 0, 0, 0, 0, 0, 0, 0, 0, 1, 1, 15
"Total", "-", 12763, 32, 13737, 581, 457, 400, 14, 882, 1, 725, 3156, 32748